run,experiment,config,create_ts,ready_ts,delta_ms,pod,status,scheduled_ms,pulled_ms,created_ms,started_ms,phase5_ms
1,readiness-gates,readiness-gate,1783667195595024000,1783667198605471000,3010,readiness-gate-run-1,ok,,,,,
2,readiness-gates,readiness-gate,1783667204048964000,1783667207302292000,3253,readiness-gate-run-2,ok,,,,,
3,readiness-gates,readiness-gate,1783667212936143000,1783667216139542000,3203,readiness-gate-run-3,ok,,,,,
4,readiness-gates,readiness-gate,1783667221676409000,1783667224718097000,3041,readiness-gate-run-4,ok,,,,,
5,readiness-gates,readiness-gate,1783667230083260000,1783667233161610000,3078,readiness-gate-run-5,ok,,,,,
6,readiness-gates,readiness-gate,1783667238673009000,1783667239783897000,1110,readiness-gate-run-6,ok,,,,,
7,readiness-gates,readiness-gate,1783667245195038000,1783667248373883000,3178,readiness-gate-run-7,ok,,,,,
8,readiness-gates,readiness-gate,1783667253868875000,1783667256852435000,2983,readiness-gate-run-8,ok,,,,,
9,readiness-gates,readiness-gate,1783667262444654000,1783667265479250000,3034,readiness-gate-run-9,ok,,,,,
10,readiness-gates,readiness-gate,1783667270830232000,1783667273908536000,3078,readiness-gate-run-10,ok,,,,,
